StatusCode,URL,Title,Length
-1,https://127.0.0.1:4000,,0
-1,http://127.0.0.1:4000,,0
-1,http://x.wo.cn/online/,,0
-1,http://bjnrm.bjunicom.com.cn/,,0
-1,https://121.31.15.151,,0
-1,https://210.22.123.72:20603,,0
-1,https://121.31.60.231,,0
-1,https://vbss.cuopen.net/vbss,,0
-1,https://tfzyfwq.aiffcloud.com/,,0
-1,http://218.27.190.252:20208/unicom/default.asp,,0
-1,https://121.31.60.234,,0
-1,http://gx-unicom.speedtest.net,,0
-1,https://127.0.0.1:8080,,0
-1,https://gx-unicom.speedtest.net,,0
200,http://127.0.0.1:8080,Burp Suite Professional,1409
200,http://121.31.60.239:8081/wys_webAppService/wysApplogin.jsp,看数据,448
200,http://123.138.11.31:3000/,话+管理系统,482
200,http://121.31.6.99:8060/,,289
200,http://202.106.86.115:7064/resource/,,88
200,http://202.106.86.115:7064/source/,,86
200,http://huanjushidai.api.10155.com,,102
200,http://202.106.86.115:7064/baseresource/,,92
200,https://huodong.10155.com,,4072
200,https://m.10155.com,中国联通视频彩铃,2836
200,https://fpbm.17wo.cn/mealticket-manage/login,饭票频道运营管理平台,2469
200,https://gxwxx.gx10010.com:4040/#/index,沃行销-广西专区,465
200,https://job.gx10010.com,广西联通招聘,662
200,https://edu.10155.com,,3488
200,https://woapp.10155.com,,4514
200,https://gx1.emicloud.com:1047/,云总机,7493
200,http://182.90.224.83:8081/static/view/login.html,平安智慧校园云平台 - 登录,3867
200,https://we.wo.cn/portalm/login,联通智家产品运营管理平台,12626
200,https://shzcp.wostore.cn,联通畅游数藏,13165
200,https://star.rights.wo-adv.com/#/,,1864
200,https://pan.wo.cn/,联通云盘-开启美好时光|不限速,6659
200,https://mec.5gi.10010.com,,955
200,https://club.10155.com,乐会员,212501
200,http://gx.czbanbantong.com,优教.智慧教育云,3400
200,https://wokuan.114menhu.com,沃宽-宽带提速,29128
200,https://www.bilibili.com/,哔哩哔哩 (゜-゜)つロ 干杯~-bilibili,4827
403,http://h5forphone1.wostore.cn,403 Forbidden,162
404,https://www.bilibili.com/dwadaw,出错啦! - bilibili.com,3497
488,http://221.7.188.180:9090/RMS-server/RMS,,0
500,https://asset.woyun.cn,,114
504,http://shzcp.wostore.cn,504 Gateway Time-out,1866
